participant.id_in_session,participant.code,participant.label,participant._is_bot,participant._index_in_pages,participant._max_page_index,participant._current_app_name,participant._current_page_name,participant.time_started_utc,participant.visited,participant.mturk_worker_id,participant.mturk_assignment_id,participant.payoff,player.id_in_group,player.role,player.payoff,player.language,player.t2_production_data,player.t2_perception_data,player.t2_ac1_pass,player.t2_ac2_pass,group.id_in_subsession,subsession.round_number,session.code,session.label,session.mturk_HITId,session.mturk_HITGroupId,session.comment,session.is_demo
1,4k10dkkh,,0,0,23,,,,0,,,0.0,1,,0.0,en,{},{},0,0,1,1,zvq1fyxv,,,,,1
2,v8x5y9b7,,0,0,23,,,,0,,,0.0,2,,0.0,en,{},{},0,0,1,1,zvq1fyxv,,,,,1
3,c2xfl6cn,,0,0,23,,,,0,,,0.0,3,,0.0,en,{},{},0,0,1,1,zvq1fyxv,,,,,1
1,tcjjzufs,,0,5,23,Task1,ScreenOut,2026-03-18 23:27:47.931936,1,,,0.0,1,,0.0,en,{},{},0,0,1,1,1j5nf34i,,,,,0
2,jgbd9ypk,,0,1,23,Task1,Consent,2026-03-19 22:25:12.585660,1,,,0.0,2,,0.0,en,{},{},0,0,1,1,1j5nf34i,,,,,0
3,0fpwbp8m,,0,3,23,Task1,ProlificID,2026-03-20 13:23:08.012264,1,,,0.0,3,,0.0,en,{},{},0,0,1,1,1j5nf34i,,,,,0
4,l4ixy4aq,,0,23,23,Task3,FinalThankYou,2026-03-21 00:12:54.085760,1,,,0.0,4,,0.0,en,"{""p_tmr_60"":{""1"":""are going to see""},""i_2yr_60"":{""1"":""will be a""},""i_tmr_cer"":{""1"":""are going""},""p_2yr_50"":{""1"":""will be""},""p_tmr_neu"":{""1"":""will drop""},""s_3mo_60"":{""1"":""will be here""},""ac_1"":{""1"":""will rain""},""p_tmr_cer"":{""1"":""will fall""},""p_3mo_50"":{""1"":""will proably improve""},""p_2yr_40_b"":{""1"":""could win""},""i_tmr_40"":{""1"":""will come""},""i_3mo_50"":{""1"":""probly wont""},""s_tmr_50"":{""1"":""wil prob paly""},""p_2yr_cer"":{""1"":""will rise""},""p_3mo_neu_b"":{""1"":""will see""},""i_3mo_neu"":{""1"":""will be""},""s_tmr_neu"":{""1"":""will leave""},""s_2yr_cer"":{""1"":""will mature""},""p_3mo_40"":{""1"":""will be""},""p_3mo_60"":{""1"":""will kill""},""p_3mo_cer"":{""1"":""will see""},""p_3mo_neu"":{""1"":""will make""},""ac_2"":{""1"":""will move""},""p_2yr_40"":{""1"":""will be""},""s_2yr_40"":{""1"":""will expire""},""p_tmr_50"":{""1"":""will crash""},""p_tmr_40"":{""1"":""will rise""}}","{""It is going to rain next week."":100,""It will rain next week."":99,""I think it will rain next week."":75,""It will definitely rain next week."":98,""It may rain next week."":44,""It could rain next week."":33,""It might rain next week."":53,""It will certainly rain next week."":93,""I think it is going to rain next week."":87,""It possibly will rain next week."":68,""It should rain next week."":43,""It probably will rain next week."":66,""It is raining next week."":82}",0,0,1,1,1j5nf34i,,,,,0
5,4udfbmfl,,0,4,23,Task1,Screening,2026-03-21 00:13:24.210972,1,,,0.0,5,,0.0,en,{},{},0,0,1,1,1j5nf34i,,,,,0
6,sasucfaa,,0,0,23,,,,0,,,0.0,6,,0.0,en,{},{},0,0,1,1,1j5nf34i,,,,,0
7,gzbzf71h,,0,0,23,,,,0,,,0.0,7,,0.0,en,{},{},0,0,1,1,1j5nf34i,,,,,0
8,hkt1vfh0,,0,0,23,,,,0,,,0.0,8,,0.0,en,{},{},0,0,1,1,1j5nf34i,,,,,0
9,kjmy2dqf,,0,0,23,,,,0,,,0.0,9,,0.0,en,{},{},0,0,1,1,1j5nf34i,,,,,0
10,vxmxrir5,,0,0,23,,,,0,,,0.0,10,,0.0,en,{},{},0,0,1,1,1j5nf34i,,,,,0
11,agmb24c3,,0,0,23,,,,0,,,0.0,11,,0.0,en,{},{},0,0,1,1,1j5nf34i,,,,,0
12,l4xxmau6,,0,0,23,,,,0,,,0.0,12,,0.0,en,{},{},0,0,1,1,1j5nf34i,,,,,0
13,g106fw0f,,0,0,23,,,,0,,,0.0,13,,0.0,en,{},{},0,0,1,1,1j5nf34i,,,,,0
14,xocb3lgc,,0,0,23,,,,0,,,0.0,14,,0.0,en,{},{},0,0,1,1,1j5nf34i,,,,,0
15,ia9uagm5,,0,0,23,,,,0,,,0.0,15,,0.0,en,{},{},0,0,1,1,1j5nf34i,,,,,0
16,m97lbykh,,0,0,23,,,,0,,,0.0,16,,0.0,en,{},{},0,0,1,1,1j5nf34i,,,,,0
17,vgujt42d,,0,0,23,,,,0,,,0.0,17,,0.0,en,{},{},0,0,1,1,1j5nf34i,,,,,0
18,ocvz6j3a,,0,0,23,,,,0,,,0.0,18,,0.0,en,{},{},0,0,1,1,1j5nf34i,,,,,0
19,s2437g1q,,0,0,23,,,,0,,,0.0,19,,0.0,en,{},{},0,0,1,1,1j5nf34i,,,,,0
20,ul21b05j,,0,0,23,,,,0,,,0.0,20,,0.0,en,{},{},0,0,1,1,1j5nf34i,,,,,0
21,b9a2wn7k,,0,0,23,,,,0,,,0.0,21,,0.0,en,{},{},0,0,1,1,1j5nf34i,,,,,0
22,2gkjbfsw,,0,0,23,,,,0,,,0.0,22,,0.0,en,{},{},0,0,1,1,1j5nf34i,,,,,0
23,y7wqw9kx,,0,0,23,,,,0,,,0.0,23,,0.0,en,{},{},0,0,1,1,1j5nf34i,,,,,0
24,4hqg0jxo,,0,0,23,,,,0,,,0.0,24,,0.0,en,{},{},0,0,1,1,1j5nf34i,,,,,0
25,m01javy1,,0,0,23,,,,0,,,0.0,25,,0.0,en,{},{},0,0,1,1,1j5nf34i,,,,,0
26,ysczpnij,,0,0,23,,,,0,,,0.0,26,,0.0,en,{},{},0,0,1,1,1j5nf34i,,,,,0
27,5ktzl56z,,0,0,23,,,,0,,,0.0,27,,0.0,en,{},{},0,0,1,1,1j5nf34i,,,,,0
28,3bfmrjpw,,0,0,23,,,,0,,,0.0,28,,0.0,en,{},{},0,0,1,1,1j5nf34i,,,,,0
29,hue83zhh,,0,0,23,,,,0,,,0.0,29,,0.0,en,{},{},0,0,1,1,1j5nf34i,,,,,0
30,e51n7cjf,,0,0,23,,,,0,,,0.0,30,,0.0,en,{},{},0,0,1,1,1j5nf34i,,,,,0
31,l4cj50ca,,0,0,23,,,,0,,,0.0,31,,0.0,en,{},{},0,0,1,1,1j5nf34i,,,,,0
32,mi18mm0f,,0,0,23,,,,0,,,0.0,32,,0.0,en,{},{},0,0,1,1,1j5nf34i,,,,,0
33,1wqaao4d,,0,0,23,,,,0,,,0.0,33,,0.0,en,{},{},0,0,1,1,1j5nf34i,,,,,0
34,7dnl7bn2,,0,0,23,,,,0,,,0.0,34,,0.0,en,{},{},0,0,1,1,1j5nf34i,,,,,0
35,f7qrt8mf,,0,0,23,,,,0,,,0.0,35,,0.0,en,{},{},0,0,1,1,1j5nf34i,,,,,0
36,l401axke,,0,0,23,,,,0,,,0.0,36,,0.0,en,{},{},0,0,1,1,1j5nf34i,,,,,0
37,kpvtmsmx,,0,0,23,,,,0,,,0.0,37,,0.0,en,{},{},0,0,1,1,1j5nf34i,,,,,0
38,rbcom0p9,,0,0,23,,,,0,,,0.0,38,,0.0,en,{},{},0,0,1,1,1j5nf34i,,,,,0
39,n0zrfrag,,0,0,23,,,,0,,,0.0,39,,0.0,en,{},{},0,0,1,1,1j5nf34i,,,,,0
40,o84lgn37,,0,0,23,,,,0,,,0.0,40,,0.0,en,{},{},0,0,1,1,1j5nf34i,,,,,0
41,t0o5mgsv,,0,0,23,,,,0,,,0.0,41,,0.0,en,{},{},0,0,1,1,1j5nf34i,,,,,0
42,qspnxotd,,0,0,23,,,,0,,,0.0,42,,0.0,en,{},{},0,0,1,1,1j5nf34i,,,,,0
43,mnt4nmdv,,0,0,23,,,,0,,,0.0,43,,0.0,en,{},{},0,0,1,1,1j5nf34i,,,,,0
44,s4bm1c0g,,0,0,23,,,,0,,,0.0,44,,0.0,en,{},{},0,0,1,1,1j5nf34i,,,,,0
45,2939vvjc,,0,0,23,,,,0,,,0.0,45,,0.0,en,{},{},0,0,1,1,1j5nf34i,,,,,0
46,f6gre3bb,,0,0,23,,,,0,,,0.0,46,,0.0,en,{},{},0,0,1,1,1j5nf34i,,,,,0
47,kzejwgfx,,0,0,23,,,,0,,,0.0,47,,0.0,en,{},{},0,0,1,1,1j5nf34i,,,,,0
48,akfo0lki,,0,0,23,,,,0,,,0.0,48,,0.0,en,{},{},0,0,1,1,1j5nf34i,,,,,0
49,8xh2t9ks,,0,0,23,,,,0,,,0.0,49,,0.0,en,{},{},0,0,1,1,1j5nf34i,,,,,0
50,12cqshx2,,0,0,23,,,,0,,,0.0,50,,0.0,en,{},{},0,0,1,1,1j5nf34i,,,,,0
51,991fuucf,,0,0,23,,,,0,,,0.0,51,,0.0,en,{},{},0,0,1,1,1j5nf34i,,,,,0
52,kr1fmq83,,0,0,23,,,,0,,,0.0,52,,0.0,en,{},{},0,0,1,1,1j5nf34i,,,,,0
53,d6qu5hm5,,0,0,23,,,,0,,,0.0,53,,0.0,en,{},{},0,0,1,1,1j5nf34i,,,,,0
54,qnai3njc,,0,0,23,,,,0,,,0.0,54,,0.0,en,{},{},0,0,1,1,1j5nf34i,,,,,0
55,x3k5f319,,0,0,23,,,,0,,,0.0,55,,0.0,en,{},{},0,0,1,1,1j5nf34i,,,,,0
56,kodywf76,,0,0,23,,,,0,,,0.0,56,,0.0,en,{},{},0,0,1,1,1j5nf34i,,,,,0
57,8lexr16u,,0,0,23,,,,0,,,0.0,57,,0.0,en,{},{},0,0,1,1,1j5nf34i,,,,,0
58,rso6ztt1,,0,0,23,,,,0,,,0.0,58,,0.0,en,{},{},0,0,1,1,1j5nf34i,,,,,0
59,c9egcwnm,,0,0,23,,,,0,,,0.0,59,,0.0,en,{},{},0,0,1,1,1j5nf34i,,,,,0
60,hwfiycdb,,0,0,23,,,,0,,,0.0,60,,0.0,en,{},{},0,0,1,1,1j5nf34i,,,,,0
61,9msdxw6z,,0,0,23,,,,0,,,0.0,61,,0.0,en,{},{},0,0,1,1,1j5nf34i,,,,,0
62,35k7f2vq,,0,0,23,,,,0,,,0.0,62,,0.0,en,{},{},0,0,1,1,1j5nf34i,,,,,0
63,ekd3g9r6,,0,0,23,,,,0,,,0.0,63,,0.0,en,{},{},0,0,1,1,1j5nf34i,,,,,0
64,8oda8qq2,,0,0,23,,,,0,,,0.0,64,,0.0,en,{},{},0,0,1,1,1j5nf34i,,,,,0
65,d0a6afww,,0,0,23,,,,0,,,0.0,65,,0.0,en,{},{},0,0,1,1,1j5nf34i,,,,,0
66,h3y5cy5x,,0,0,23,,,,0,,,0.0,66,,0.0,en,{},{},0,0,1,1,1j5nf34i,,,,,0
67,pj7ysbnp,,0,0,23,,,,0,,,0.0,67,,0.0,en,{},{},0,0,1,1,1j5nf34i,,,,,0
68,a6ymsu9z,,0,0,23,,,,0,,,0.0,68,,0.0,en,{},{},0,0,1,1,1j5nf34i,,,,,0
69,e1r8hdxe,,0,0,23,,,,0,,,0.0,69,,0.0,en,{},{},0,0,1,1,1j5nf34i,,,,,0
70,vaycp1ej,,0,0,23,,,,0,,,0.0,70,,0.0,en,{},{},0,0,1,1,1j5nf34i,,,,,0
71,noef9c7w,,0,0,23,,,,0,,,0.0,71,,0.0,en,{},{},0,0,1,1,1j5nf34i,,,,,0
72,blmmhjhk,,0,0,23,,,,0,,,0.0,72,,0.0,en,{},{},0,0,1,1,1j5nf34i,,,,,0
73,mgf71ah7,,0,0,23,,,,0,,,0.0,73,,0.0,en,{},{},0,0,1,1,1j5nf34i,,,,,0
74,tdbbng6c,,0,0,23,,,,0,,,0.0,74,,0.0,en,{},{},0,0,1,1,1j5nf34i,,,,,0
75,jm77qgsp,,0,0,23,,,,0,,,0.0,75,,0.0,en,{},{},0,0,1,1,1j5nf34i,,,,,0
76,flwreliy,,0,0,23,,,,0,,,0.0,76,,0.0,en,{},{},0,0,1,1,1j5nf34i,,,,,0
77,1xxsy0b1,,0,0,23,,,,0,,,0.0,77,,0.0,en,{},{},0,0,1,1,1j5nf34i,,,,,0
78,sd7tjyy5,,0,0,23,,,,0,,,0.0,78,,0.0,en,{},{},0,0,1,1,1j5nf34i,,,,,0
79,n6pgyzfg,,0,0,23,,,,0,,,0.0,79,,0.0,en,{},{},0,0,1,1,1j5nf34i,,,,,0
80,1x8e8zor,,0,0,23,,,,0,,,0.0,80,,0.0,en,{},{},0,0,1,1,1j5nf34i,,,,,0
81,rrcz8ygr,,0,0,23,,,,0,,,0.0,81,,0.0,en,{},{},0,0,1,1,1j5nf34i,,,,,0
82,9b6gkak7,,0,0,23,,,,0,,,0.0,82,,0.0,en,{},{},0,0,1,1,1j5nf34i,,,,,0
83,i6btdhez,,0,0,23,,,,0,,,0.0,83,,0.0,en,{},{},0,0,1,1,1j5nf34i,,,,,0
84,pddg94db,,0,0,23,,,,0,,,0.0,84,,0.0,en,{},{},0,0,1,1,1j5nf34i,,,,,0
85,0n1s0tbq,,0,0,23,,,,0,,,0.0,85,,0.0,en,{},{},0,0,1,1,1j5nf34i,,,,,0
86,bea7wec0,,0,0,23,,,,0,,,0.0,86,,0.0,en,{},{},0,0,1,1,1j5nf34i,,,,,0
87,s6gvpp6f,,0,0,23,,,,0,,,0.0,87,,0.0,en,{},{},0,0,1,1,1j5nf34i,,,,,0
88,47manimk,,0,0,23,,,,0,,,0.0,88,,0.0,en,{},{},0,0,1,1,1j5nf34i,,,,,0
89,kz6z9in9,,0,0,23,,,,0,,,0.0,89,,0.0,en,{},{},0,0,1,1,1j5nf34i,,,,,0
90,gvcm5jf0,,0,0,23,,,,0,,,0.0,90,,0.0,en,{},{},0,0,1,1,1j5nf34i,,,,,0
91,e5e4xymo,,0,0,23,,,,0,,,0.0,91,,0.0,en,{},{},0,0,1,1,1j5nf34i,,,,,0
92,g1wu0diw,,0,0,23,,,,0,,,0.0,92,,0.0,en,{},{},0,0,1,1,1j5nf34i,,,,,0
93,dhdkc3kf,,0,0,23,,,,0,,,0.0,93,,0.0,en,{},{},0,0,1,1,1j5nf34i,,,,,0
94,2vpnq4jz,,0,0,23,,,,0,,,0.0,94,,0.0,en,{},{},0,0,1,1,1j5nf34i,,,,,0
95,hlp5dxkw,,0,0,23,,,,0,,,0.0,95,,0.0,en,{},{},0,0,1,1,1j5nf34i,,,,,0
96,dnatjxzz,,0,0,23,,,,0,,,0.0,96,,0.0,en,{},{},0,0,1,1,1j5nf34i,,,,,0
97,ozum7r0o,,0,0,23,,,,0,,,0.0,97,,0.0,en,{},{},0,0,1,1,1j5nf34i,,,,,0
98,ygec30t7,,0,0,23,,,,0,,,0.0,98,,0.0,en,{},{},0,0,1,1,1j5nf34i,,,,,0
99,svrbzji3,,0,0,23,,,,0,,,0.0,99,,0.0,en,{},{},0,0,1,1,1j5nf34i,,,,,0
100,femwnjc7,,0,0,23,,,,0,,,0.0,100,,0.0,en,{},{},0,0,1,1,1j5nf34i,,,,,0
